INSERT INTO Ingredient VALUES(0, 'milk');
INSERT INTO Ingredient VALUES(1, 'egg');
INSERT INTO Ingredient VALUES(2, 'peanut');
INSERT INTO Ingredient VALUES(3, 'soy');
INSERT INTO Ingredient VALUES(4, 'fish');
INSERT INTO Ingredient VALUES(5, 'corn');
INSERT INTO Ingredient VALUES(6, 'cheese');
INSERT INTO Ingredient VALUES(7, 'pork');
INSERT INTO Ingredient VALUES(8, 'chicken');
INSERT INTO Ingredient VALUES(9, 'beef');
INSERT INTO Ingredient VALUES(10, 'carrot');
INSERT INTO Ingredient VALUES(11, 'celery');
INSERT INTO Ingredient VALUES(12, 'wheat');
INSERT INTO Ingredient VALUES(13, 'mustard');
INSERT INTO Ingredient VALUES(14, 'rice');
INSERT INTO Ingredient VALUES(15, 'butter');
INSERT INTO Ingredient VALUES(16, 'hot pepper');

INSERT INTO Food_Item VALUES(0, 'Thunder Dog', 700, 9.99);
INSERT INTO Food_Item VALUES(1, 'UBC Yogurt', 400, 8.99);
INSERT INTO Food_Item VALUES(2, 'Chinese soy milk', 150, 5.25);
INSERT INTO Food_Item VALUES(3, 'UBC Res Breakfeast Combo', 500, 10.25);
INSERT INTO Food_Item VALUES(4, 'Fancy Pork Bun', 220, 4.75);
INSERT INTO Food_Item VALUES(5, 'Point Grey Seafood Plate', 470, 16.50);
INSERT INTO Food_Item VALUES(6, 'UBC Res Lasagna', 510, 7.99);
INSERT INTO Food_Item VALUES(7, 'Pacific Fish Plate', 380, 15.25);
INSERT INTO Food_Item VALUES(8, 'Japanese Curry Chicken and Rice', 490, 10.10);
INSERT INTO Food_Item VALUES(9, 'Japanese Curry Beef and Rice', 540, 10.10);
INSERT INTO Food_Item VALUES(10, 'Butter Chicken', 480, 12.40);
INSERT INTO Food_Item VALUES(11, 'UBC Super Burger', 650, 12.99);
INSERT INTO Food_Item VALUES(12, 'Pork Belly Noodles', 680, 13.45);
INSERT INTO Food_Item VALUES(13, 'UBC Signature Beef Steak', 710, 14.55);
INSERT INTO Food_Item VALUES(14, 'UBC Spicy Chicken Burger', 550, 12.10);
INSERT INTO Food_Item VALUES(15, 'UBC Ultimate Burrito', 520, 14.15);

INSERT INTO Food_Item_Ingredients VALUES(0, 6);
INSERT INTO Food_Item_Ingredients VALUES(0, 7);
INSERT INTO Food_Item_Ingredients VALUES(0, 12);
INSERT INTO Food_Item_Ingredients VALUES(0, 13);
INSERT INTO Food_Item_Ingredients VALUES(1, 0);
INSERT INTO Food_Item_Ingredients VALUES(2, 3);
INSERT INTO Food_Item_Ingredients VALUES(3, 0);
INSERT INTO Food_Item_Ingredients VALUES(3, 1);
INSERT INTO Food_Item_Ingredients VALUES(3, 6);
INSERT INTO Food_Item_Ingredients VALUES(3, 8);
INSERT INTO Food_Item_Ingredients VALUES(3, 10);
INSERT INTO Food_Item_Ingredients VALUES(3, 12);
INSERT INTO Food_Item_Ingredients VALUES(4, 7);
INSERT INTO Food_Item_Ingredients VALUES(5, 2);
INSERT INTO Food_Item_Ingredients VALUES(5, 4);
INSERT INTO Food_Item_Ingredients VALUES(5, 12);
INSERT INTO Food_Item_Ingredients VALUES(6, 6);
INSERT INTO Food_Item_Ingredients VALUES(6, 15);
INSERT INTO Food_Item_Ingredients VALUES(7, 4);
INSERT INTO Food_Item_Ingredients VALUES(7, 5);
INSERT INTO Food_Item_Ingredients VALUES(7, 10);
INSERT INTO Food_Item_Ingredients VALUES(7, 15);
INSERT INTO Food_Item_Ingredients VALUES(8, 8);
INSERT INTO Food_Item_Ingredients VALUES(8, 10);
INSERT INTO Food_Item_Ingredients VALUES(8, 11);
INSERT INTO Food_Item_Ingredients VALUES(8, 12);
INSERT INTO Food_Item_Ingredients VALUES(8, 14);
INSERT INTO Food_Item_Ingredients VALUES(9, 9);
INSERT INTO Food_Item_Ingredients VALUES(9, 10);
INSERT INTO Food_Item_Ingredients VALUES(9, 11);
INSERT INTO Food_Item_Ingredients VALUES(9, 12);
INSERT INTO Food_Item_Ingredients VALUES(9, 14);
INSERT INTO Food_Item_Ingredients VALUES(10, 2);
INSERT INTO Food_Item_Ingredients VALUES(10, 8);
INSERT INTO Food_Item_Ingredients VALUES(10, 15);
INSERT INTO Food_Item_Ingredients VALUES(11, 6);
INSERT INTO Food_Item_Ingredients VALUES(11, 9);
INSERT INTO Food_Item_Ingredients VALUES(11, 12);
INSERT INTO Food_Item_Ingredients VALUES(11, 13);
INSERT INTO Food_Item_Ingredients VALUES(12, 2);
INSERT INTO Food_Item_Ingredients VALUES(12, 5);
INSERT INTO Food_Item_Ingredients VALUES(12, 7);
INSERT INTO Food_Item_Ingredients VALUES(12, 11);
INSERT INTO Food_Item_Ingredients VALUES(13, 5);
INSERT INTO Food_Item_Ingredients VALUES(13, 9);
INSERT INTO Food_Item_Ingredients VALUES(13, 10);
INSERT INTO Food_Item_Ingredients VALUES(13, 15);
INSERT INTO Food_Item_Ingredients VALUES(14, 6);
INSERT INTO Food_Item_Ingredients VALUES(14, 8);
INSERT INTO Food_Item_Ingredients VALUES(14, 12);
INSERT INTO Food_Item_Ingredients VALUES(14, 13);
INSERT INTO Food_Item_Ingredients VALUES(14, 16);
INSERT INTO Food_Item_Ingredients VALUES(15, 2);
INSERT INTO Food_Item_Ingredients VALUES(15, 5);
INSERT INTO Food_Item_Ingredients VALUES(15, 6);
INSERT INTO Food_Item_Ingredients VALUES(15, 9);
INSERT INTO Food_Item_Ingredients VALUES(15, 11);
INSERT INTO Food_Item_Ingredients VALUES(15, 12);
INSERT INTO Food_Item_Ingredients VALUES(15, 16);

-- later will remove Reliability table
INSERT INTO Reliability VALUES (0, 0, 'undecided');
INSERT INTO Reliability VALUES (1, 8, 'unreliable');
INSERT INTO Reliability VALUES (2, 4, 'unreliable');
INSERT INTO Reliability VALUES (9, 2, 'may be reliable');
INSERT INTO Reliability VALUES (300, 1, 'reliable');
INSERT INTO Reliability VALUES (210, 4, 'reliable');
INSERT INTO Reliability VALUES (99, 95, 'may be reliable');
INSERT INTO Reliability VALUES (8, 8, 'undecided');

INSERT INTO Customer_User VALUES('billJoe', 'password134', 0, 'bill@gmail.com');
INSERT INTO Customer_User VALUES('dairyBoy', 'asdffff', 0, 'milk@yahoo.ca');
INSERT INTO Customer_User VALUES('imVegan111', '8903hd', 0, 'im.vegan@hotmail.com');
INSERT INTO Customer_User VALUES('John111', 'dsff8sdf0', 0, 'john111@gmail.com');
INSERT INTO Customer_User VALUES('manaaa', 'pwooas', 1, 'basdff@mail.com');
INSERT INTO Customer_User VALUES('gordonTheChef', 'gordonTheGreat101', 1, 'gordonRamsay@gmail.com');
INSERT INTO Customer_User VALUES('peanutHater', 'perr121', 0, 'peanutHater@aol.com');
INSERT INTO Customer_User VALUES('richKid', 'richRichRich', 0, 'richKid@gmail.com');

INSERT INTO Address VALUES('2015 Main Mall',	'Vancouver', 'BC',	'V6T1W1');
INSERT INTO Address VALUES('2260 West Mall',	'Vancouver', 'BC',	'V6T1Z2');
INSERT INTO Address VALUES('2125 Main Mall',	'Vancouver', 'BC',	'V6T1W3');
INSERT INTO Address VALUES('6363 Agrnomy Road',	'Vancouver',	'BC',	'V6T1D5');
INSERT INTO Address VALUES('2525 West Mall',	'Vancouver',	'BC',	'V6T1Z3');
INSERT INTO Address VALUES('2201 Main Mall',	'Vancouver',	'BC',	'V6T1W2');
INSERT INTO Address VALUES('2203 Main Mall',	'Vancouver',	'BC',	'V6T1W2');
INSERT INTO Address VALUES('6133 University Boulevard',	'Vancouver',	'BC',	'V6T1E4');

INSERT INTO DiningType VALUES(0, 'cafe');
INSERT INTO DiningType VALUES(1, 'residence dining');
INSERT INTO DiningType VALUES(2, 'food truck');
INSERT INTO DiningType VALUES(3, 'campus partner');

INSERT INTO Restaurant_Owner VALUES('bentoOwner', 'adfferg');
INSERT INTO Restaurant_Owner VALUES('loopOwner', 'sjfle');
INSERT INTO Restaurant_Owner VALUES('nevilleOwner', 'eres23');
INSERT INTO Restaurant_Owner VALUES('ocOwner', 'rttf1455');
INSERT INTO Restaurant_Owner VALUES('feastOwner', '4455$$');
INSERT INTO Restaurant_Owner VALUES('hnOwner', '46465--');
INSERT INTO Restaurant_Owner VALUES('tdhOwner', 'slfelfs1222');
INSERT INTO Restaurant_Owner VALUES('gneOwner', 'qroqoi$$');

INSERT INTO Restaurant VALUES(0,	'bento Sushi',	'Japanese',	'bentoOwner',	0);
INSERT INTO Restaurant VALUES(1,	'the loop cafe',	'Canadian',	'loopOwner',	0);
INSERT INTO Restaurant VALUES(2,	'Neville Cafe',	'American',	'nevilleOwner',	0);
INSERT INTO Restaurant VALUES(3,	'Open Kitchen',	'International',	'ocOwner',	1);
INSERT INTO Restaurant VALUES(4,	'Feast',	'International',	'feastOwner',	1);
INSERT INTO Restaurant VALUES(5,	'Hungry Nomad',	'American',	'hnOwner',	2);
INSERT INTO Restaurant VALUES(6,	'The Dog House',	'European',	'tdhOwner',	2);
INSERT INTO Restaurant VALUES(7,	'Grand Noodle Emporium',	'Chinese',	'gneOwner',	3);

INSERT INTO Contact_Info VALUES('6041110000', 'bentoSushi@mail.ubc.ca', '2015 Main Mall', 'Vancouver', 'BC'. 0);
INSERT INTO Contact_Info VALUES('6041110001', 'theLoop@mail.ubc.ca', '2260 West Mall', 'Vancouver', 'BC', 1);
INSERT INTO Contact_Info VALUES('6041110002', 'neville@mail.ubc.ca', '2125 Main Mall', 'Vancouver', 'BC', 2);
INSERT INTO Contact_Info VALUES('6041110003', 'openKitchen@mail.ubc.ca', '6363 Agrnomy Road', 'Vancouver', 'BC', 3);
INSERT INTO Contact_Info VALUES('6041110004', 'feast@mail.ubc.ca', '2525 West Mall', 'Vancouver', 'BC', 4);
INSERT INTO Contact_Info VALUES('6041110005', 'hungryNomad@mail.ubc.ca', '2201 Main Mall', 'Vancouver', 'BC', 5);
INSERT INTO Contact_Info VALUES('6041110006', 'theDogHouse@mail.ubc.ca', '2203 Main Mall', 'Vancouver', 'BC', 6);
INSERT INTO Contact_Info VALUES('6041110007', 'grandNoodle@mail.ubc.ca', '6133 University Boulevard', 'Vancouver', 'BC', 7);

INSERT INTO User_Review VALUES (0, 0, 0, 'good restaurant', 2018-10-1, 'billJoe', 0);
INSERT INTO User_Review VALUES (1, 1, 8, 'I do not like this one', 2019-1-2, 'dairyBoy', 1);
INSERT INTO User_Review VALUES (2, 2, 4, 'I do not like their meat since I am vegan', 2019-2-3, 'imVegan111', 2);
INSERT INTO User_Review VALUES (3, 9, 2, 'I love meat but they do not have much', 2018-5-5. 'John111', 3);
INSERT INTO User_Review VALUES (4, 300, 1, 'pile of garbage', 2019-2-22, 'manaaa', 4);
INSERT INTO User_Review VALUES (5, 210, 4, 'their food contains too many allergens', 2019-2-1, 'gordonTheChef', 5);
INSERT INTO User_Review VALUES (6, 99, 95, 'they have too many dishes with peanut', 2018-5-5, 'peanutHater', 6);
INSERT INTO User_Review VALUES (7, 8, 8, 'their food are just gross', 2019-2-25, 'richKid', 7);
